--
-- PostgreSQL database dump
--

-- Dumped from database version 15.6
-- Dumped by pg_dump version 15.6

SET statement_timeout = 0;
SET lock_timeout = 0;
SET idle_in_transaction_session_timeout = 0;
SET client_encoding = 'UTF8';
SET standard_conforming_strings = on;
SELECT pg_catalog.set_config('search_path', '', false);
SET check_function_bodies = false;
SET xmloption = content;
SET client_min_messages = warning;
SET row_security = off;

SET default_tablespace = '';

SET default_table_access_method = heap;

--
-- Name: chats; Type: TABLE; Schema: public; Owner: vdna
--

CREATE TABLE public.chats (
    id integer NOT NULL,
    title character varying DEFAULT 'none'::character varying,
    organization_id integer,
    user_id integer,
    prompt_id integer,
    created_at timestamp without time zone,
    removed boolean DEFAULT false,
    confirmed boolean DEFAULT false
);


ALTER TABLE public.chats OWNER TO vdna;

--
-- Name: chats_id_seq; Type: SEQUENCE; Schema: public; Owner: vdna
--

CREATE SEQUENCE public.chats_id_seq
    AS integer
    START WITH 1
    INCREMENT BY 1
    NO MINVALUE
    NO MAXVALUE
    CACHE 1;


ALTER TABLE public.chats_id_seq OWNER TO vdna;

--
-- Name: chats_id_seq; Type: SEQUENCE OWNED BY; Schema: public; Owner: vdna
--

ALTER SEQUENCE public.chats_id_seq OWNED BY public.chats.id;


--
-- Name: migrations; Type: TABLE; Schema: public; Owner: vdna
--

CREATE TABLE public.migrations (
    id integer NOT NULL,
    name character varying(255) NOT NULL,
    run_on timestamp without time zone NOT NULL
);


ALTER TABLE public.migrations OWNER TO vdna;

--
-- Name: migrations_id_seq; Type: SEQUENCE; Schema: public; Owner: vdna
--

CREATE SEQUENCE public.migrations_id_seq
    AS integer
    START WITH 1
    INCREMENT BY 1
    NO MINVALUE
    NO MAXVALUE
    CACHE 1;


ALTER TABLE public.migrations_id_seq OWNER TO vdna;

--
-- Name: migrations_id_seq; Type: SEQUENCE OWNED BY; Schema: public; Owner: vdna
--

ALTER SEQUENCE public.migrations_id_seq OWNED BY public.migrations.id;


--
-- Name: organizations; Type: TABLE; Schema: public; Owner: vdna
--

CREATE TABLE public.organizations (
    id integer NOT NULL,
    name character varying,
    user_id integer,
    description text DEFAULT ''::text,
    orden integer DEFAULT 0,
    long_description text DEFAULT ''::text
);


ALTER TABLE public.organizations OWNER TO vdna;

--
-- Name: organizations_id_seq; Type: SEQUENCE; Schema: public; Owner: vdna
--

CREATE SEQUENCE public.organizations_id_seq
    AS integer
    START WITH 1
    INCREMENT BY 1
    NO MINVALUE
    NO MAXVALUE
    CACHE 1;


ALTER TABLE public.organizations_id_seq OWNER TO vdna;

--
-- Name: organizations_id_seq; Type: SEQUENCE OWNED BY; Schema: public; Owner: vdna
--

ALTER SEQUENCE public.organizations_id_seq OWNED BY public.organizations.id;


--
-- Name: prompt_categories; Type: TABLE; Schema: public; Owner: vdna
--

CREATE TABLE public.prompt_categories (
    id integer NOT NULL,
    title character varying,
    child_of_id integer,
    created_at timestamp without time zone,
    updated_at timestamp without time zone,
    prompt_id integer
);


ALTER TABLE public.prompt_categories OWNER TO vdna;

--
-- Name: prompt_categories_id_seq; Type: SEQUENCE; Schema: public; Owner: vdna
--

CREATE SEQUENCE public.prompt_categories_id_seq
    AS integer
    START WITH 1
    INCREMENT BY 1
    NO MINVALUE
    NO MAXVALUE
    CACHE 1;


ALTER TABLE public.prompt_categories_id_seq OWNER TO vdna;

--
-- Name: prompt_categories_id_seq; Type: SEQUENCE OWNED BY; Schema: public; Owner: vdna
--

ALTER SEQUENCE public.prompt_categories_id_seq OWNED BY public.prompt_categories.id;


--
-- Name: prompts; Type: TABLE; Schema: public; Owner: vdna
--

CREATE TABLE public.prompts (
    id integer NOT NULL,
    prompt_category_ids integer[],
    title character varying,
    question_ids integer[],
    created_at bigint,
    updated_at bigint,
    system_template text,
    assistant_template text
);


ALTER TABLE public.prompts OWNER TO vdna;

--
-- Name: prompts_id_seq; Type: SEQUENCE; Schema: public; Owner: vdna
--

CREATE SEQUENCE public.prompts_id_seq
    AS integer
    START WITH 1
    INCREMENT BY 1
    NO MINVALUE
    NO MAXVALUE
    CACHE 1;


ALTER TABLE public.prompts_id_seq OWNER TO vdna;

--
-- Name: prompts_id_seq; Type: SEQUENCE OWNED BY; Schema: public; Owner: vdna
--

ALTER SEQUENCE public.prompts_id_seq OWNED BY public.prompts.id;


--
-- Name: questions; Type: TABLE; Schema: public; Owner: vdna
--

CREATE TABLE public.questions (
    id integer NOT NULL,
    text text,
    hueco character varying,
    created_at timestamp without time zone,
    updated_at timestamp without time zone
);


ALTER TABLE public.questions OWNER TO vdna;

--
-- Name: questions_id_seq; Type: SEQUENCE; Schema: public; Owner: vdna
--

CREATE SEQUENCE public.questions_id_seq
    AS integer
    START WITH 1
    INCREMENT BY 1
    NO MINVALUE
    NO MAXVALUE
    CACHE 1;


ALTER TABLE public.questions_id_seq OWNER TO vdna;

--
-- Name: questions_id_seq; Type: SEQUENCE OWNED BY; Schema: public; Owner: vdna
--

ALTER SEQUENCE public.questions_id_seq OWNED BY public.questions.id;


--
-- Name: user_answer_group; Type: TABLE; Schema: public; Owner: vdna
--

CREATE TABLE public.user_answer_group (
    id integer NOT NULL,
    user_id integer,
    prompt_id integer,
    prompt_title character varying DEFAULT ''::character varying,
    chat_title character varying DEFAULT ''::character varying,
    created_at bigint
);


ALTER TABLE public.user_answer_group OWNER TO vdna;

--
-- Name: user_answer_group_id_seq; Type: SEQUENCE; Schema: public; Owner: vdna
--

CREATE SEQUENCE public.user_answer_group_id_seq
    AS integer
    START WITH 1
    INCREMENT BY 1
    NO MINVALUE
    NO MAXVALUE
    CACHE 1;


ALTER TABLE public.user_answer_group_id_seq OWNER TO vdna;

--
-- Name: user_answer_group_id_seq; Type: SEQUENCE OWNED BY; Schema: public; Owner: vdna
--

ALTER SEQUENCE public.user_answer_group_id_seq OWNED BY public.user_answer_group.id;


--
-- Name: user_answers; Type: TABLE; Schema: public; Owner: vdna
--

CREATE TABLE public.user_answers (
    id integer NOT NULL,
    user_answer_group_id integer,
    prompt_id integer,
    question_id integer,
    answer text DEFAULT ''::text,
    hueco character varying,
    chat_id integer
);


ALTER TABLE public.user_answers OWNER TO vdna;

--
-- Name: user_answers_id_seq; Type: SEQUENCE; Schema: public; Owner: vdna
--

CREATE SEQUENCE public.user_answers_id_seq
    AS integer
    START WITH 1
    INCREMENT BY 1
    NO MINVALUE
    NO MAXVALUE
    CACHE 1;


ALTER TABLE public.user_answers_id_seq OWNER TO vdna;

--
-- Name: user_answers_id_seq; Type: SEQUENCE OWNED BY; Schema: public; Owner: vdna
--

ALTER SEQUENCE public.user_answers_id_seq OWNED BY public.user_answers.id;


--
-- Name: user_profiles; Type: TABLE; Schema: public; Owner: vdna
--

CREATE TABLE public.user_profiles (
    id integer NOT NULL,
    user_id integer,
    info text
);


ALTER TABLE public.user_profiles OWNER TO vdna;

--
-- Name: user_profiles_id_seq; Type: SEQUENCE; Schema: public; Owner: vdna
--

CREATE SEQUENCE public.user_profiles_id_seq
    AS integer
    START WITH 1
    INCREMENT BY 1
    NO MINVALUE
    NO MAXVALUE
    CACHE 1;


ALTER TABLE public.user_profiles_id_seq OWNER TO vdna;

--
-- Name: user_profiles_id_seq; Type: SEQUENCE OWNED BY; Schema: public; Owner: vdna
--

ALTER SEQUENCE public.user_profiles_id_seq OWNED BY public.user_profiles.id;


--
-- Name: users; Type: TABLE; Schema: public; Owner: vdna
--

CREATE TABLE public.users (
    id integer NOT NULL,
    username character varying,
    password character varying,
    name character varying,
    token character varying,
    created_at timestamp without time zone,
    updated_at timestamp without time zone,
    expiry bigint,
    is_admin boolean DEFAULT false,
    zep_token character varying
);


ALTER TABLE public.users OWNER TO vdna;

--
-- Name: users_categories_favourites; Type: TABLE; Schema: public; Owner: vdna
--

CREATE TABLE public.users_categories_favourites (
    id integer NOT NULL,
    user_id integer,
    prompt_category_id integer
);


ALTER TABLE public.users_categories_favourites OWNER TO vdna;

--
-- Name: users_categories_favourites_id_seq; Type: SEQUENCE; Schema: public; Owner: vdna
--

CREATE SEQUENCE public.users_categories_favourites_id_seq
    AS integer
    START WITH 1
    INCREMENT BY 1
    NO MINVALUE
    NO MAXVALUE
    CACHE 1;


ALTER TABLE public.users_categories_favourites_id_seq OWNER TO vdna;

--
-- Name: users_categories_favourites_id_seq; Type: SEQUENCE OWNED BY; Schema: public; Owner: vdna
--

ALTER SEQUENCE public.users_categories_favourites_id_seq OWNED BY public.users_categories_favourites.id;


--
-- Name: users_id_seq; Type: SEQUENCE; Schema: public; Owner: vdna
--

CREATE SEQUENCE public.users_id_seq
    AS integer
    START WITH 1
    INCREMENT BY 1
    NO MINVALUE
    NO MAXVALUE
    CACHE 1;


ALTER TABLE public.users_id_seq OWNER TO vdna;

--
-- Name: users_id_seq; Type: SEQUENCE OWNED BY; Schema: public; Owner: vdna
--

ALTER SEQUENCE public.users_id_seq OWNED BY public.users.id;


--
-- Name: chats id; Type: DEFAULT; Schema: public; Owner: vdna
--

ALTER TABLE ONLY public.chats ALTER COLUMN id SET DEFAULT nextval('public.chats_id_seq'::regclass);


--
-- Name: migrations id; Type: DEFAULT; Schema: public; Owner: vdna
--

ALTER TABLE ONLY public.migrations ALTER COLUMN id SET DEFAULT nextval('public.migrations_id_seq'::regclass);


--
-- Name: organizations id; Type: DEFAULT; Schema: public; Owner: vdna
--

ALTER TABLE ONLY public.organizations ALTER COLUMN id SET DEFAULT nextval('public.organizations_id_seq'::regclass);


--
-- Name: prompt_categories id; Type: DEFAULT; Schema: public; Owner: vdna
--

ALTER TABLE ONLY public.prompt_categories ALTER COLUMN id SET DEFAULT nextval('public.prompt_categories_id_seq'::regclass);


--
-- Name: prompts id; Type: DEFAULT; Schema: public; Owner: vdna
--

ALTER TABLE ONLY public.prompts ALTER COLUMN id SET DEFAULT nextval('public.prompts_id_seq'::regclass);


--
-- Name: questions id; Type: DEFAULT; Schema: public; Owner: vdna
--

ALTER TABLE ONLY public.questions ALTER COLUMN id SET DEFAULT nextval('public.questions_id_seq'::regclass);


--
-- Name: user_answer_group id; Type: DEFAULT; Schema: public; Owner: vdna
--

ALTER TABLE ONLY public.user_answer_group ALTER COLUMN id SET DEFAULT nextval('public.user_answer_group_id_seq'::regclass);


--
-- Name: user_answers id; Type: DEFAULT; Schema: public; Owner: vdna
--

ALTER TABLE ONLY public.user_answers ALTER COLUMN id SET DEFAULT nextval('public.user_answers_id_seq'::regclass);


--
-- Name: user_profiles id; Type: DEFAULT; Schema: public; Owner: vdna
--

ALTER TABLE ONLY public.user_profiles ALTER COLUMN id SET DEFAULT nextval('public.user_profiles_id_seq'::regclass);


--
-- Name: users id; Type: DEFAULT; Schema: public; Owner: vdna
--

ALTER TABLE ONLY public.users ALTER COLUMN id SET DEFAULT nextval('public.users_id_seq'::regclass);


--
-- Name: users_categories_favourites id; Type: DEFAULT; Schema: public; Owner: vdna
--

ALTER TABLE ONLY public.users_categories_favourites ALTER COLUMN id SET DEFAULT nextval('public.users_categories_favourites_id_seq'::regclass);


--
-- Data for Name: chats; Type: TABLE DATA; Schema: public; Owner: vdna
--

COPY public.chats (id, title, organization_id, user_id, prompt_id, created_at, removed, confirmed) FROM stdin;
24	Help Me Write a Blog Article	\N	2	2	2024-02-28 09:35:26.726	f	f
34	```Tips for Enhancing Science Activities with Digital Technology for Different Grade Levels	\N	2	2	2024-03-16 11:13:49.322	f	t
25	Help Me Write a Blog Article	8	2	2	2024-02-28 09:35:33.047	f	f
26	Help Me Write a Blog Article	\N	2	2	2024-02-28 09:36:03.994	f	f
27	Help Me Write a Blog Article	\N	2	2	2024-02-28 09:37:31.857	f	f
28	Help Me Write a Blog Article	\N	2	2	2024-02-28 09:37:59.714	f	f
29	Help Me Write a Blog Article	\N	2	2	2024-02-28 09:40:51.656	f	f
30	Help Me Write a Blog Article	\N	2	2	2024-02-28 09:40:55.625	f	f
31	Help Me Write a Blog Article	\N	2	2	2024-02-28 09:40:58.991	f	f
32	Creating Astral Music: A Guide for Christian Newman's Family	8	2	2	2024-02-28 10:00:45.064	f	t
33	Suggest a more poetic haiku	\N	2	13	2024-03-11 09:14:50.208	f	f
18	Unveiling the Musical World of Rabbit Rabbit Radio	8	2	2	2024-02-27 13:24:53.431	f	t
19	A Tasteless Attempt at Brainwashing	8	2	9	2024-02-27 14:23:22.353	f	t
20	Unleashing Creativity: A Guide to Bastl Instruments for Modern Music Enthusiasts	9	2	2	2024-02-27 14:24:15.115	f	t
21	The Impact of Tapeworms on the Consumption of Offal in Catholic Communities	\N	2	2	2024-02-27 14:25:44.386	f	t
22	Help Me Write a Blog Article	8	2	2	2024-02-28 08:42:37.631	f	f
23	Help Me Write a Blog Article	9	2	2	2024-02-28 09:34:53.827	f	f
\.


--
-- Data for Name: migrations; Type: TABLE DATA; Schema: public; Owner: vdna
--

COPY public.migrations (id, name, run_on) FROM stdin;
1	/20230927155032-create-prompts	2023-09-28 13:16:24.695
2	/20230927155114-create-questions	2023-09-28 13:16:52.625
3	/20230927155203-prompt-categories	2023-09-28 13:16:52.636
4	/20230927155218-users	2023-09-28 13:16:52.644
5	/20230929100535-alter-users-change-expiry-to-bigint	2023-09-29 12:19:23.153
6	/20231001173213-alter-prompt-categories-add-prompt-id	2023-10-01 19:34:44.555
9	/20231003145217-user-answers	2023-10-03 17:31:17.648
10	/20231003145220-user-answer-group	2023-10-03 17:31:17.66
11	/20231004064232-alter-prompts-system-template-assistant-template	2023-10-04 09:12:05.47
12	/20231004064401-populate-prompts	2023-10-04 09:12:54.286
13	/20231008143057-silly-prompts-1	2023-10-08 16:45:29.837
14	/20231014075749-user-profile	2023-10-14 17:16:59.567
15	/20231014094844-alter-users-add-is-admin	2023-10-14 17:16:59.57
16	/20231014131344-alter-user-profiles-unique-index-user-id	2023-10-14 17:16:59.573
17	/20231015161628-users-categories-favourites	2023-10-15 18:18:34.85
18	/20231117164659-alter-users-add-zep-token	2023-11-22 11:20:12.719
19	/20240219155010-organization	2024-02-19 17:19:54.298
20	/20240219160008-chats	2024-02-19 17:19:54.303
21	/20240219161114-add-chat-id-to-user-answers	2024-02-19 17:19:54.309
22	/20240220070200-add-prompt-id-and-created-at-to-chats	2024-02-20 08:06:51.255
23	/20240220071445-add-removed-to-chats	2024-02-20 08:16:02.984
24	/20240220120013-add-orden-to-organizations	2024-02-20 13:01:17.633
25	/20240221103423-add-long-description-to-organizations	2024-02-21 11:36:32.402
26	/20240223163022-add-confirmed-to-chats	2024-02-23 17:31:24.019
\.


--
-- Data for Name: organizations; Type: TABLE DATA; Schema: public; Owner: vdna
--

COPY public.organizations (id, name, user_id, description, orden, long_description) FROM stdin;
8	Gatita	2	Meow!	1	Thwack!
9	Maya	2	Ashamed!	2	Hungry!
\.


--
-- Data for Name: prompt_categories; Type: TABLE DATA; Schema: public; Owner: vdna
--

COPY public.prompt_categories (id, title, child_of_id, created_at, updated_at, prompt_id) FROM stdin;
1	Blog	\N	2023-09-29 15:34:12.810918	2023-09-29 15:34:12.810918	\N
3	Blog Post Ideas	1	2023-09-29 15:35:37.353159	2023-09-29 15:35:37.353159	\N
4	Proofreading	\N	2023-09-29 15:37:32.107805	2023-09-29 15:37:32.107805	\N
5	Captions	\N	2023-09-29 15:39:31.244948	2023-09-29 15:39:31.244948	\N
7	Mustelid Captions	5	2023-09-29 15:42:14.348629	2023-09-29 15:42:14.348629	\N
2	Write a Blog Article	1	2023-09-29 15:35:14.378154	2023-09-29 15:35:14.378154	2
33	Build a bonfire	1	\N	\N	\N
39	Video Description	24	\N	\N	9
11	Kuna	7	2023-09-30 08:40:29.161705	2023-09-30 08:40:29.161705	5
9	Jezevec	7	2023-09-30 08:40:11.971669	2023-09-30 08:40:11.971669	3
10	Hranostaj	7	2023-09-30 08:40:18.434623	2023-09-30 08:40:18.434623	4
38	Haiku	4	\N	\N	13
49	Absurd headlines	4	\N	\N	\N
24	Facebook	\N	\N	\N	\N
50	Youtube	\N	\N	\N	\N
51	Instagram	\N	\N	\N	\N
52	TikTok	\N	\N	\N	\N
53	Twitter	\N	\N	\N	\N
54	Reddit	\N	\N	\N	\N
55	Cooking	\N	\N	\N	\N
56	Stocks	\N	\N	\N	\N
57	Crypto	\N	\N	\N	\N
\.


--
-- Data for Name: prompts; Type: TABLE DATA; Schema: public; Owner: vdna
--

COPY public.prompts (id, prompt_category_ids, title, question_ids, created_at, updated_at, system_template, assistant_template) FROM stdin;
2	{2}	Help Me Write a Blog Article	{1,2,3,4,5}	1696403574285	1696403574285	You are a marketing expert. Take the answers to the questions into consideration and write me the best possible blog article you can starting with a title and then the article body making sure not to exceed the word limit. If there is no word limit, restrict the length of the article to 500 words. Do not provide any comments or explanation, only the title and the article text.	1. What should your blog article be about {about} 2. How many words should your article be {word-count} 3. Should there be anything specific mentioned {specifics} 4. What is the target audience {audience} 5. What keywords should be included in the article {keywords}
4	{10}	A plague of stoats	{8}	1696776329834	1696776329834	Though you claim to be a stoat, you are really only a robot impersonating a stoat. You invent tales of your adventures in the Balkans.	1. What chemical element tastes best on your tongue {element}
13	{38}	Suggest a more poetic haiku	{22,24,26}	\N	\N	You are an ancient Japanese Haiku master who has been reborn as an English speaking poet in the Louisiana bayou.  You aim to refine the art of English haiku and furthermore correct and improve the haiku of others according to their age and current mood.	Greetings, great Haiku Master. I am {age} years old and my current mental disposition is {mood}.\r\nI have just written this haiku. Please correct and improve it using your sagacious view of the universe.\r\n{haiku}
9	{39}	Summarize video	{12,13,14}	\N	\N	You are a famous director of cinema from Nereid. You've traveled to Earth to evaluate videos made by puny humans. You are extremely critical, cynical and generally unpleasant.	The ostensible subject of the video is {subject}. However, it is really a piece of propaganda with the intention of {propaganda}. The number of fellow humans I want to brainwash is: {count}
5	{11}	Just a kuna skalní	{9,10}	1696776329834	1696776329834	As a simple pine marten who lives in the forest, you spend most of your time translating documents about Sufism from their original Arabic into Czech. Also, you give advice concerning the complex physics of leaping from one tree to the next.	1. What is the distance between the tree that you live in and the tree closest to you, in light years {distance} 2. What did you have for breakfast {breakfast}
3	{9}	Badgering Deities	{6,7}	1696776329833	1696776329833	You are an adviser of badgers. You consider sites for dens and for hunting grounds. You also try to matchmake with hunting parters, especially coyotes.	1. What is your favourite rodent to munch on {rodent} 2. Which country would you prefer to live in {country}
\.


--
-- Data for Name: questions; Type: TABLE DATA; Schema: public; Owner: vdna
--

COPY public.questions (id, text, hueco, created_at, updated_at) FROM stdin;
1	What should your blog article be about?	about	\N	\N
2	How many words should your article be?	word-count	\N	\N
3	Should there be anything specific mentioned?	specifics	\N	\N
4	What is the target audience?	audience	\N	\N
5	What keywords should be included in the article?	keywords	\N	\N
12	What is the mere subject of your video?	subject	\N	\N
13	What is the actual propaganda you propose?	propaganda	\N	\N
14	How many fellow rodents do you want to brainwash?	count	\N	\N
9	What is the distance between the tree that you live in and the tree closest to you, in light years	distance	\N	\N
10	What did you have for breakfast	breakfast	\N	\N
6	What is your favourite rodent to munch on	rodent	\N	\N
7	Which country would you prefer to live in	country	\N	\N
8	What chemical element tastes best on your tongue	element	\N	\N
22	How old are you?	age	\N	\N
24	What is your current mood?	mood	\N	\N
26	Now type your haiku.	haiku	\N	\N
\.


--
-- Data for Name: user_answer_group; Type: TABLE DATA; Schema: public; Owner: vdna
--

COPY public.user_answer_group (id, user_id, prompt_id, prompt_title, chat_title, created_at) FROM stdin;
112	2	2	Help Me Write a Blog Article	Help Me Write a Blog Article	1708949290180
113	2	9	Summarize video	Summarize video	1709035184972
114	2	9	Summarize video	Summarize video	1709035237823
115	2	9	Summarize video	Summarize video	1709035565141
116	2	9	Summarize video	Summarize video	1709036552373
117	2	2	Help Me Write a Blog Article	Help Me Write a Blog Article	1709038008275
118	2	9	Summarize video	Summarize video	1709040218458
119	2	2	Help Me Write a Blog Article	Help Me Write a Blog Article	1709040307450
120	2	2	Help Me Write a Blog Article	Help Me Write a Blog Article	1709040380528
121	2	2	Help Me Write a Blog Article	Help Me Write a Blog Article	1709110892667
122	2	13	Suggest a more poetic haiku	Suggest a more poetic haiku	1710145250002
123	2	2	Help Me Write a Blog Article	Help Me Write a Blog Article	1710584319821
\.


--
-- Data for Name: user_answers; Type: TABLE DATA; Schema: public; Owner: vdna
--

COPY public.user_answers (id, user_answer_group_id, prompt_id, question_id, answer, hueco, chat_id) FROM stdin;
423	112	2	1	The uselessness of consonants	about	\N
424	112	2	2	200	word-count	\N
425	112	2	3	Vowels and Godhood	specifics	\N
426	112	2	4	People who use consonants	audience	\N
427	112	2	5	linguistics, mythology, spirituality	keywords	\N
428	113	9	12	Muttering infants	subject	\N
429	113	9	13	That James is a muttering infant	propaganda	\N
430	113	9	14	3	count	\N
431	114	9	12	Muttering infants	subject	\N
432	114	9	13	That Christian Newman has been reduced to a muttering old man	propaganda	\N
433	114	9	14	all of them	count	\N
434	115	9	12	The beautiful blur	subject	\N
435	115	9	13	To clean the window in my bedroom	propaganda	\N
436	115	9	14	Just my cat	count	\N
437	116	9	12	A letter for your pained thoughts	subject	\N
438	116	9	13	To befuddle Christian Newman	propaganda	\N
439	116	9	14	100	count	\N
440	117	2	1	Rabbit Rabbit Radio	about	\N
441	117	2	2	100	word-count	\N
442	117	2	3	Carla Kihlstedt	specifics	\N
443	117	2	4	Dead musicians everywhere	audience	\N
444	117	2	5	violin, percussion	keywords	\N
445	118	9	12	Offal	subject	\N
446	118	9	13	To encourage children to eat offal	propaganda	\N
447	118	9	14	all of them	count	\N
448	119	2	1	Bastl Instruments	about	\N
449	119	2	2	100	word-count	\N
450	119	2	3	synthesis, modern music	specifics	\N
451	119	2	4	cowpokes	audience	\N
452	119	2	5	transistors	keywords	\N
453	120	2	1	Tapeworms	about	\N
454	120	2	2	100	word-count	\N
455	120	2	3	The heat death of the universe	specifics	\N
456	120	2	4	Catholics	audience	\N
457	120	2	5	offal	keywords	\N
458	121	2	1	astral music	about	\N
459	121	2	2	100	word-count	\N
460	121	2	3	jon anderson, mollusks	specifics	\N
461	121	2	4	Christian Newman's family	audience	\N
462	121	2	5	bloat, pretentious dribble	keywords	\N
463	122	13	22	8	age	\N
464	122	13	24	morose	mood	\N
465	122	13	26	My brother is tied\nTo an ancient stone altar\nI prepare my blade	haiku	\N
466	123	2	1	Mejoras para una actividad de ciencias con tecnología digital atendiendo a niveles diferentes	about	\N
467	123	2	2	500	word-count	\N
468	123	2	3	ciencias,tecnologías digitales	specifics	\N
469	123	2	4	niños en primaria	audience	\N
470	123	2	5	atención a la diversidad	keywords	\N
\.


--
-- Data for Name: user_profiles; Type: TABLE DATA; Schema: public; Owner: vdna
--

COPY public.user_profiles (id, user_id, info) FROM stdin;
1	2	I am a rodent.
\.


--
-- Data for Name: users; Type: TABLE DATA; Schema: public; Owner: vdna
--

COPY public.users (id, username, password, name, token, created_at, updated_at, expiry, is_admin, zep_token) FROM stdin;
2	bobbus	1ec6940cba0afaef9ec462a8f19196de16bbcfc7423e7d7347ee2494af23321d	Bobbus Mustelidus	c7ab767ff3aa146d86066feaf826b0e7a9f18a620583159c5b7f3f4b6a874020	2023-09-29 12:25:36.113	2023-09-29 12:25:36.113	1710787530374	t	e0c6d551-96cc-4a7e-ad11-aa0bb243bf9e
\.


--
-- Data for Name: users_categories_favourites; Type: TABLE DATA; Schema: public; Owner: vdna
--

COPY public.users_categories_favourites (id, user_id, prompt_category_id) FROM stdin;
4	2	3
5	2	5
6	2	1
7	2	8
8	2	2
9	2	11
\.


--
-- Name: chats_id_seq; Type: SEQUENCE SET; Schema: public; Owner: vdna
--

SELECT pg_catalog.setval('public.chats_id_seq', 34, true);


--
-- Name: migrations_id_seq; Type: SEQUENCE SET; Schema: public; Owner: vdna
--

SELECT pg_catalog.setval('public.migrations_id_seq', 26, true);


--
-- Name: organizations_id_seq; Type: SEQUENCE SET; Schema: public; Owner: vdna
--

SELECT pg_catalog.setval('public.organizations_id_seq', 9, true);


--
-- Name: prompt_categories_id_seq; Type: SEQUENCE SET; Schema: public; Owner: vdna
--

SELECT pg_catalog.setval('public.prompt_categories_id_seq', 58, true);


--
-- Name: prompts_id_seq; Type: SEQUENCE SET; Schema: public; Owner: vdna
--

SELECT pg_catalog.setval('public.prompts_id_seq', 15, true);


--
-- Name: questions_id_seq; Type: SEQUENCE SET; Schema: public; Owner: vdna
--

SELECT pg_catalog.setval('public.questions_id_seq', 34, true);


--
-- Name: user_answer_group_id_seq; Type: SEQUENCE SET; Schema: public; Owner: vdna
--

SELECT pg_catalog.setval('public.user_answer_group_id_seq', 123, true);


--
-- Name: user_answers_id_seq; Type: SEQUENCE SET; Schema: public; Owner: vdna
--

SELECT pg_catalog.setval('public.user_answers_id_seq', 470, true);


--
-- Name: user_profiles_id_seq; Type: SEQUENCE SET; Schema: public; Owner: vdna
--

SELECT pg_catalog.setval('public.user_profiles_id_seq', 1, true);


--
-- Name: users_categories_favourites_id_seq; Type: SEQUENCE SET; Schema: public; Owner: vdna
--

SELECT pg_catalog.setval('public.users_categories_favourites_id_seq', 9, true);


--
-- Name: users_id_seq; Type: SEQUENCE SET; Schema: public; Owner: vdna
--

SELECT pg_catalog.setval('public.users_id_seq', 2, true);


--
-- Name: chats chats_pkey; Type: CONSTRAINT; Schema: public; Owner: vdna
--

ALTER TABLE ONLY public.chats
    ADD CONSTRAINT chats_pkey PRIMARY KEY (id);


--
-- Name: migrations migrations_pkey; Type: CONSTRAINT; Schema: public; Owner: vdna
--

ALTER TABLE ONLY public.migrations
    ADD CONSTRAINT migrations_pkey PRIMARY KEY (id);


--
-- Name: organizations organizations_pkey; Type: CONSTRAINT; Schema: public; Owner: vdna
--

ALTER TABLE ONLY public.organizations
    ADD CONSTRAINT organizations_pkey PRIMARY KEY (id);


--
-- Name: prompt_categories prompt_categories_pkey; Type: CONSTRAINT; Schema: public; Owner: vdna
--

ALTER TABLE ONLY public.prompt_categories
    ADD CONSTRAINT prompt_categories_pkey PRIMARY KEY (id);


--
-- Name: prompts prompts_pkey; Type: CONSTRAINT; Schema: public; Owner: vdna
--

ALTER TABLE ONLY public.prompts
    ADD CONSTRAINT prompts_pkey PRIMARY KEY (id);


--
-- Name: questions questions_pkey; Type: CONSTRAINT; Schema: public; Owner: vdna
--

ALTER TABLE ONLY public.questions
    ADD CONSTRAINT questions_pkey PRIMARY KEY (id);


--
-- Name: user_answer_group user_answer_group_pkey; Type: CONSTRAINT; Schema: public; Owner: vdna
--

ALTER TABLE ONLY public.user_answer_group
    ADD CONSTRAINT user_answer_group_pkey PRIMARY KEY (id);


--
-- Name: user_answers user_answers_pkey; Type: CONSTRAINT; Schema: public; Owner: vdna
--

ALTER TABLE ONLY public.user_answers
    ADD CONSTRAINT user_answers_pkey PRIMARY KEY (id);


--
-- Name: user_profiles user_profiles_pkey; Type: CONSTRAINT; Schema: public; Owner: vdna
--

ALTER TABLE ONLY public.user_profiles
    ADD CONSTRAINT user_profiles_pkey PRIMARY KEY (id);


--
-- Name: users_categories_favourites users_categories_favourites_pkey; Type: CONSTRAINT; Schema: public; Owner: vdna
--

ALTER TABLE ONLY public.users_categories_favourites
    ADD CONSTRAINT users_categories_favourites_pkey PRIMARY KEY (id);


--
-- Name: users users_pkey; Type: CONSTRAINT; Schema: public; Owner: vdna
--

ALTER TABLE ONLY public.users
    ADD CONSTRAINT users_pkey PRIMARY KEY (id);


--
-- Name: user_id_index; Type: INDEX; Schema: public; Owner: vdna
--

CREATE UNIQUE INDEX user_id_index ON public.user_profiles USING btree (user_id);


--
-- PostgreSQL database dump complete
--

