--
-- PostgreSQL database dump
--

-- Dumped from database version 15.6 (Debian 15.6-1.pgdg120+2)
-- Dumped by pg_dump version 15.6 (Debian 15.6-1.pgdg120+2)

SET statement_timeout = 0;
SET lock_timeout = 0;
SET idle_in_transaction_session_timeout = 0;
SET client_encoding = 'UTF8';
SET standard_conforming_strings = on;
SELECT pg_catalog.set_config('search_path', '', false);
SET check_function_bodies = false;
SET xmloption = content;
SET client_min_messages = warning;
SET row_security = off;

SET default_tablespace = '';

SET default_table_access_method = heap;

--
-- Name: chats; Type: TABLE; Schema: public; Owner: vdna
--

CREATE TABLE public.chats (
    id integer NOT NULL,
    title character varying DEFAULT 'none'::character varying,
    organization_id integer,
    user_id integer,
    prompt_id integer,
    created_at timestamp without time zone,
    removed boolean DEFAULT false,
    confirmed boolean DEFAULT false
);


ALTER TABLE public.chats OWNER TO vdna;

--
-- Name: chats_id_seq; Type: SEQUENCE; Schema: public; Owner: vdna
--

CREATE SEQUENCE public.chats_id_seq
    AS integer
    START WITH 1
    INCREMENT BY 1
    NO MINVALUE
    NO MAXVALUE
    CACHE 1;


ALTER TABLE public.chats_id_seq OWNER TO vdna;

--
-- Name: chats_id_seq; Type: SEQUENCE OWNED BY; Schema: public; Owner: vdna
--

ALTER SEQUENCE public.chats_id_seq OWNED BY public.chats.id;


--
-- Name: migrations; Type: TABLE; Schema: public; Owner: vdna
--

CREATE TABLE public.migrations (
    id integer NOT NULL,
    name character varying(255) NOT NULL,
    run_on timestamp without time zone NOT NULL
);


ALTER TABLE public.migrations OWNER TO vdna;

--
-- Name: migrations_id_seq; Type: SEQUENCE; Schema: public; Owner: vdna
--

CREATE SEQUENCE public.migrations_id_seq
    AS integer
    START WITH 1
    INCREMENT BY 1
    NO MINVALUE
    NO MAXVALUE
    CACHE 1;


ALTER TABLE public.migrations_id_seq OWNER TO vdna;

--
-- Name: migrations_id_seq; Type: SEQUENCE OWNED BY; Schema: public; Owner: vdna
--

ALTER SEQUENCE public.migrations_id_seq OWNED BY public.migrations.id;


--
-- Name: organizations; Type: TABLE; Schema: public; Owner: vdna
--

CREATE TABLE public.organizations (
    id integer NOT NULL,
    name character varying,
    user_id integer,
    description text DEFAULT ''::text,
    orden integer DEFAULT 0,
    long_description text DEFAULT ''::text
);


ALTER TABLE public.organizations OWNER TO vdna;

--
-- Name: organizations_id_seq; Type: SEQUENCE; Schema: public; Owner: vdna
--

CREATE SEQUENCE public.organizations_id_seq
    AS integer
    START WITH 1
    INCREMENT BY 1
    NO MINVALUE
    NO MAXVALUE
    CACHE 1;


ALTER TABLE public.organizations_id_seq OWNER TO vdna;

--
-- Name: organizations_id_seq; Type: SEQUENCE OWNED BY; Schema: public; Owner: vdna
--

ALTER SEQUENCE public.organizations_id_seq OWNED BY public.organizations.id;


--
-- Name: prompt_categories; Type: TABLE; Schema: public; Owner: vdna
--

CREATE TABLE public.prompt_categories (
    id integer NOT NULL,
    title character varying,
    child_of_id integer,
    created_at timestamp without time zone,
    updated_at timestamp without time zone,
    prompt_id integer
);


ALTER TABLE public.prompt_categories OWNER TO vdna;

--
-- Name: prompt_categories_id_seq; Type: SEQUENCE; Schema: public; Owner: vdna
--

CREATE SEQUENCE public.prompt_categories_id_seq
    AS integer
    START WITH 1
    INCREMENT BY 1
    NO MINVALUE
    NO MAXVALUE
    CACHE 1;


ALTER TABLE public.prompt_categories_id_seq OWNER TO vdna;

--
-- Name: prompt_categories_id_seq; Type: SEQUENCE OWNED BY; Schema: public; Owner: vdna
--

ALTER SEQUENCE public.prompt_categories_id_seq OWNED BY public.prompt_categories.id;


--
-- Name: prompts; Type: TABLE; Schema: public; Owner: vdna
--

CREATE TABLE public.prompts (
    id integer NOT NULL,
    prompt_category_ids integer[],
    title character varying,
    question_ids integer[],
    created_at bigint,
    updated_at bigint,
    system_template_id integer,
    user_template_id integer
);


ALTER TABLE public.prompts OWNER TO vdna;

--
-- Name: prompts_id_seq; Type: SEQUENCE; Schema: public; Owner: vdna
--

CREATE SEQUENCE public.prompts_id_seq
    AS integer
    START WITH 1
    INCREMENT BY 1
    NO MINVALUE
    NO MAXVALUE
    CACHE 1;


ALTER TABLE public.prompts_id_seq OWNER TO vdna;

--
-- Name: prompts_id_seq; Type: SEQUENCE OWNED BY; Schema: public; Owner: vdna
--

ALTER SEQUENCE public.prompts_id_seq OWNED BY public.prompts.id;


--
-- Name: questions; Type: TABLE; Schema: public; Owner: vdna
--

CREATE TABLE public.questions (
    id integer NOT NULL,
    text text,
    hueco character varying,
    created_at timestamp without time zone,
    updated_at timestamp without time zone
);


ALTER TABLE public.questions OWNER TO vdna;

--
-- Name: questions_id_seq; Type: SEQUENCE; Schema: public; Owner: vdna
--

CREATE SEQUENCE public.questions_id_seq
    AS integer
    START WITH 1
    INCREMENT BY 1
    NO MINVALUE
    NO MAXVALUE
    CACHE 1;


ALTER TABLE public.questions_id_seq OWNER TO vdna;

--
-- Name: questions_id_seq; Type: SEQUENCE OWNED BY; Schema: public; Owner: vdna
--

ALTER SEQUENCE public.questions_id_seq OWNED BY public.questions.id;


--
-- Name: templates; Type: TABLE; Schema: public; Owner: vdna
--

CREATE TABLE public.templates (
    id integer NOT NULL,
    title character varying,
    question_ids integer[],
    template text,
    created_at timestamp without time zone,
    updated_at timestamp without time zone,
    tipo character varying DEFAULT 'user'::character varying
);


ALTER TABLE public.templates OWNER TO vdna;

--
-- Name: templates_id_seq; Type: SEQUENCE; Schema: public; Owner: vdna
--

CREATE SEQUENCE public.templates_id_seq
    AS integer
    START WITH 1
    INCREMENT BY 1
    NO MINVALUE
    NO MAXVALUE
    CACHE 1;


ALTER TABLE public.templates_id_seq OWNER TO vdna;

--
-- Name: templates_id_seq; Type: SEQUENCE OWNED BY; Schema: public; Owner: vdna
--

ALTER SEQUENCE public.templates_id_seq OWNED BY public.templates.id;


--
-- Name: user_answer_group; Type: TABLE; Schema: public; Owner: vdna
--

CREATE TABLE public.user_answer_group (
    id integer NOT NULL,
    user_id integer,
    prompt_id integer,
    prompt_title character varying DEFAULT ''::character varying,
    chat_title character varying DEFAULT ''::character varying,
    created_at bigint
);


ALTER TABLE public.user_answer_group OWNER TO vdna;

--
-- Name: user_answer_group_id_seq; Type: SEQUENCE; Schema: public; Owner: vdna
--

CREATE SEQUENCE public.user_answer_group_id_seq
    AS integer
    START WITH 1
    INCREMENT BY 1
    NO MINVALUE
    NO MAXVALUE
    CACHE 1;


ALTER TABLE public.user_answer_group_id_seq OWNER TO vdna;

--
-- Name: user_answer_group_id_seq; Type: SEQUENCE OWNED BY; Schema: public; Owner: vdna
--

ALTER SEQUENCE public.user_answer_group_id_seq OWNED BY public.user_answer_group.id;


--
-- Name: user_answers; Type: TABLE; Schema: public; Owner: vdna
--

CREATE TABLE public.user_answers (
    id integer NOT NULL,
    user_answer_group_id integer,
    prompt_id integer,
    question_id integer,
    answer text DEFAULT ''::text,
    hueco character varying,
    chat_id integer
);


ALTER TABLE public.user_answers OWNER TO vdna;

--
-- Name: user_answers_id_seq; Type: SEQUENCE; Schema: public; Owner: vdna
--

CREATE SEQUENCE public.user_answers_id_seq
    AS integer
    START WITH 1
    INCREMENT BY 1
    NO MINVALUE
    NO MAXVALUE
    CACHE 1;


ALTER TABLE public.user_answers_id_seq OWNER TO vdna;

--
-- Name: user_answers_id_seq; Type: SEQUENCE OWNED BY; Schema: public; Owner: vdna
--

ALTER SEQUENCE public.user_answers_id_seq OWNED BY public.user_answers.id;


--
-- Name: user_profiles; Type: TABLE; Schema: public; Owner: vdna
--

CREATE TABLE public.user_profiles (
    id integer NOT NULL,
    user_id integer,
    info text
);


ALTER TABLE public.user_profiles OWNER TO vdna;

--
-- Name: user_profiles_id_seq; Type: SEQUENCE; Schema: public; Owner: vdna
--

CREATE SEQUENCE public.user_profiles_id_seq
    AS integer
    START WITH 1
    INCREMENT BY 1
    NO MINVALUE
    NO MAXVALUE
    CACHE 1;


ALTER TABLE public.user_profiles_id_seq OWNER TO vdna;

--
-- Name: user_profiles_id_seq; Type: SEQUENCE OWNED BY; Schema: public; Owner: vdna
--

ALTER SEQUENCE public.user_profiles_id_seq OWNED BY public.user_profiles.id;


--
-- Name: users; Type: TABLE; Schema: public; Owner: vdna
--

CREATE TABLE public.users (
    id integer NOT NULL,
    username character varying,
    password character varying,
    name character varying,
    token character varying,
    created_at timestamp without time zone,
    updated_at timestamp without time zone,
    expiry bigint,
    is_admin boolean DEFAULT false,
    zep_token character varying
);


ALTER TABLE public.users OWNER TO vdna;

--
-- Name: users_categories_favourites; Type: TABLE; Schema: public; Owner: vdna
--

CREATE TABLE public.users_categories_favourites (
    id integer NOT NULL,
    user_id integer,
    prompt_category_id integer
);


ALTER TABLE public.users_categories_favourites OWNER TO vdna;

--
-- Name: users_categories_favourites_id_seq; Type: SEQUENCE; Schema: public; Owner: vdna
--

CREATE SEQUENCE public.users_categories_favourites_id_seq
    AS integer
    START WITH 1
    INCREMENT BY 1
    NO MINVALUE
    NO MAXVALUE
    CACHE 1;


ALTER TABLE public.users_categories_favourites_id_seq OWNER TO vdna;

--
-- Name: users_categories_favourites_id_seq; Type: SEQUENCE OWNED BY; Schema: public; Owner: vdna
--

ALTER SEQUENCE public.users_categories_favourites_id_seq OWNED BY public.users_categories_favourites.id;


--
-- Name: users_id_seq; Type: SEQUENCE; Schema: public; Owner: vdna
--

CREATE SEQUENCE public.users_id_seq
    AS integer
    START WITH 1
    INCREMENT BY 1
    NO MINVALUE
    NO MAXVALUE
    CACHE 1;


ALTER TABLE public.users_id_seq OWNER TO vdna;

--
-- Name: users_id_seq; Type: SEQUENCE OWNED BY; Schema: public; Owner: vdna
--

ALTER SEQUENCE public.users_id_seq OWNED BY public.users.id;


--
-- Name: chats id; Type: DEFAULT; Schema: public; Owner: vdna
--

ALTER TABLE ONLY public.chats ALTER COLUMN id SET DEFAULT nextval('public.chats_id_seq'::regclass);


--
-- Name: migrations id; Type: DEFAULT; Schema: public; Owner: vdna
--

ALTER TABLE ONLY public.migrations ALTER COLUMN id SET DEFAULT nextval('public.migrations_id_seq'::regclass);


--
-- Name: organizations id; Type: DEFAULT; Schema: public; Owner: vdna
--

ALTER TABLE ONLY public.organizations ALTER COLUMN id SET DEFAULT nextval('public.organizations_id_seq'::regclass);


--
-- Name: prompt_categories id; Type: DEFAULT; Schema: public; Owner: vdna
--

ALTER TABLE ONLY public.prompt_categories ALTER COLUMN id SET DEFAULT nextval('public.prompt_categories_id_seq'::regclass);


--
-- Name: prompts id; Type: DEFAULT; Schema: public; Owner: vdna
--

ALTER TABLE ONLY public.prompts ALTER COLUMN id SET DEFAULT nextval('public.prompts_id_seq'::regclass);


--
-- Name: questions id; Type: DEFAULT; Schema: public; Owner: vdna
--

ALTER TABLE ONLY public.questions ALTER COLUMN id SET DEFAULT nextval('public.questions_id_seq'::regclass);


--
-- Name: templates id; Type: DEFAULT; Schema: public; Owner: vdna
--

ALTER TABLE ONLY public.templates ALTER COLUMN id SET DEFAULT nextval('public.templates_id_seq'::regclass);


--
-- Name: user_answer_group id; Type: DEFAULT; Schema: public; Owner: vdna
--

ALTER TABLE ONLY public.user_answer_group ALTER COLUMN id SET DEFAULT nextval('public.user_answer_group_id_seq'::regclass);


--
-- Name: user_answers id; Type: DEFAULT; Schema: public; Owner: vdna
--

ALTER TABLE ONLY public.user_answers ALTER COLUMN id SET DEFAULT nextval('public.user_answers_id_seq'::regclass);


--
-- Name: user_profiles id; Type: DEFAULT; Schema: public; Owner: vdna
--

ALTER TABLE ONLY public.user_profiles ALTER COLUMN id SET DEFAULT nextval('public.user_profiles_id_seq'::regclass);


--
-- Name: users id; Type: DEFAULT; Schema: public; Owner: vdna
--

ALTER TABLE ONLY public.users ALTER COLUMN id SET DEFAULT nextval('public.users_id_seq'::regclass);


--
-- Name: users_categories_favourites id; Type: DEFAULT; Schema: public; Owner: vdna
--

ALTER TABLE ONLY public.users_categories_favourites ALTER COLUMN id SET DEFAULT nextval('public.users_categories_favourites_id_seq'::regclass);


--
-- Data for Name: chats; Type: TABLE DATA; Schema: public; Owner: vdna
--

COPY public.chats (id, title, organization_id, user_id, prompt_id, created_at, removed, confirmed) FROM stdin;
37	Suggest a more poetic haiku	\N	2	13	2024-06-13 09:51:55.281	f	f
38	The Benefits of Facial Electrolysis	\N	2	16	2024-06-13 10:01:49.777	f	t
24	Help Me Write a Blog Article	\N	2	2	2024-02-28 09:35:26.726	f	f
34	```Tips for Enhancing Science Activities with Digital Technology for Different Grade Levels	\N	2	2	2024-03-16 11:13:49.322	f	t
25	Help Me Write a Blog Article	8	2	2	2024-02-28 09:35:33.047	f	f
35	Suggest a more poetic haiku	\N	2	13	2024-03-19 08:51:46.401	f	f
26	Help Me Write a Blog Article	\N	2	2	2024-02-28 09:36:03.994	f	f
36	The Infallible Guru Explains the Heat Death of the Universe	8	2	16	2024-03-19 11:50:54.082	f	t
27	Help Me Write a Blog Article	\N	2	2	2024-02-28 09:37:31.857	f	f
28	Help Me Write a Blog Article	\N	2	2	2024-02-28 09:37:59.714	f	f
29	Help Me Write a Blog Article	\N	2	2	2024-02-28 09:40:51.656	f	f
30	Help Me Write a Blog Article	\N	2	2	2024-02-28 09:40:55.625	f	f
31	Help Me Write a Blog Article	\N	2	2	2024-02-28 09:40:58.991	f	f
32	Creating Astral Music: A Guide for Christian Newman's Family	8	2	2	2024-02-28 10:00:45.064	f	t
33	Suggest a more poetic haiku	\N	2	13	2024-03-11 09:14:50.208	f	f
18	Unveiling the Musical World of Rabbit Rabbit Radio	8	2	2	2024-02-27 13:24:53.431	f	t
19	A Tasteless Attempt at Brainwashing	8	2	9	2024-02-27 14:23:22.353	f	t
20	Unleashing Creativity: A Guide to Bastl Instruments for Modern Music Enthusiasts	9	2	2	2024-02-27 14:24:15.115	f	t
21	The Impact of Tapeworms on the Consumption of Offal in Catholic Communities	\N	2	2	2024-02-27 14:25:44.386	f	t
22	Help Me Write a Blog Article	8	2	2	2024-02-28 08:42:37.631	f	f
23	Help Me Write a Blog Article	9	2	2	2024-02-28 09:34:53.827	f	f
39	Suggest a more poetic haiku	\N	2	13	2024-06-14 09:51:08.711	f	f
40	Eternal cycleHaiku whispers on the windNature's harmony	\N	3	13	2024-06-17 14:43:27.9	f	t
\.


--
-- Data for Name: migrations; Type: TABLE DATA; Schema: public; Owner: vdna
--

COPY public.migrations (id, name, run_on) FROM stdin;
1	/20230927155032-create-prompts	2023-09-28 13:16:24.695
2	/20230927155114-create-questions	2023-09-28 13:16:52.625
3	/20230927155203-prompt-categories	2023-09-28 13:16:52.636
4	/20230927155218-users	2023-09-28 13:16:52.644
5	/20230929100535-alter-users-change-expiry-to-bigint	2023-09-29 12:19:23.153
6	/20231001173213-alter-prompt-categories-add-prompt-id	2023-10-01 19:34:44.555
9	/20231003145217-user-answers	2023-10-03 17:31:17.648
10	/20231003145220-user-answer-group	2023-10-03 17:31:17.66
11	/20231004064232-alter-prompts-system-template-assistant-template	2023-10-04 09:12:05.47
12	/20231004064401-populate-prompts	2023-10-04 09:12:54.286
13	/20231008143057-silly-prompts-1	2023-10-08 16:45:29.837
14	/20231014075749-user-profile	2023-10-14 17:16:59.567
15	/20231014094844-alter-users-add-is-admin	2023-10-14 17:16:59.57
16	/20231014131344-alter-user-profiles-unique-index-user-id	2023-10-14 17:16:59.573
17	/20231015161628-users-categories-favourites	2023-10-15 18:18:34.85
18	/20231117164659-alter-users-add-zep-token	2023-11-22 11:20:12.719
19	/20240219155010-organization	2024-02-19 17:19:54.298
20	/20240219160008-chats	2024-02-19 17:19:54.303
21	/20240219161114-add-chat-id-to-user-answers	2024-02-19 17:19:54.309
22	/20240220070200-add-prompt-id-and-created-at-to-chats	2024-02-20 08:06:51.255
23	/20240220071445-add-removed-to-chats	2024-02-20 08:16:02.984
24	/20240220120013-add-orden-to-organizations	2024-02-20 13:01:17.633
25	/20240221103423-add-long-description-to-organizations	2024-02-21 11:36:32.402
26	/20240223163022-add-confirmed-to-chats	2024-02-23 17:31:24.019
27	/20240616094526-create-templates	2024-06-18 11:02:49.084
28	/20240616095224-alter-prompts-system-template-id-user-template-id	2024-06-18 11:02:49.094
29	/20240617074706-alter-templates-add-type	2024-06-18 11:02:49.098
\.


--
-- Data for Name: organizations; Type: TABLE DATA; Schema: public; Owner: vdna
--

COPY public.organizations (id, name, user_id, description, orden, long_description) FROM stdin;
8	Gatita	2	Meow!	1	Thwack!
9	Maya	2	Ashamed!	2	Hungry!
\.


--
-- Data for Name: prompt_categories; Type: TABLE DATA; Schema: public; Owner: vdna
--

COPY public.prompt_categories (id, title, child_of_id, created_at, updated_at, prompt_id) FROM stdin;
4	Proofreading	\N	2023-09-29 15:37:32.107805	2023-09-29 15:37:32.107805	\N
53	X (Twitter)	\N	\N	\N	\N
103	Generate 10 Tweet Ideas to Engage my Followers	53	\N	\N	\N
104	Write a Tweet to Announce a New Product	53	\N	\N	\N
105	Suggest 10 Trending Hashtags to Use	53	\N	\N	\N
106	Create a Twitter Poll Question	53	\N	\N	\N
107	Write a Thank You Tweet for my Followers	53	\N	\N	\N
108	Generate 10 Ideas for a Twitter Thread	53	\N	\N	\N
109	Suggest 10 Ways to Increase Retweets	53	\N	\N	\N
110	Write a Tweet for a Holiday or a Special Event	53	\N	\N	\N
38	Haiku	4	\N	\N	13
111	Generate 10 Responses to Common Questions in my Niche	53	\N	\N	\N
24	Facebook	\N	\N	\N	\N
50	Youtube	\N	\N	\N	\N
51	Instagram	\N	\N	\N	\N
52	TikTok	\N	\N	\N	\N
61	Create a Post that Engages my Followers	24	\N	\N	\N
62	Generate 10 Catchy Headlines for my Product	24	\N	\N	\N
63	Write a Heartfelt Thank You Post for my Customers	24	\N	\N	\N
64	Develop a Creative Contest Idea for my Page	24	\N	\N	\N
65	Suggest 10 Questions to Ask my Audience	24	\N	\N	\N
66	Write a Post to Announce a new Product	24	\N	\N	\N
67	Generate 10 Ideas for a Facebook Live Session	24	\N	\N	\N
68	Create a Post for a Holiday or Special Event	24	\N	\N	\N
69	Write a Motivational Quote Post	24	\N	\N	\N
70	Create 10 Text Variations for my Photo	51	\N	\N	\N
71	Give Me 10 Ideas for my Next Post	51	\N	\N	\N
72	Suggest 10 Engaging Story Lines	51	\N	\N	\N
73	Write a Caption for this Image	51	\N	\N	\N
74	Generate 10 Hashtag Suggestions for my Niche	51	\N	\N	\N
75	Create a Script for an Instagram Reel	51	\N	\N	\N
76	Suggest 10 Instagram Bio Ideas	51	\N	\N	\N
77	Write a Thank You Post for Reaching a Follower Milestone	51	\N	\N	\N
78	Generate 10 Ideas for a IGTV Video	51	\N	\N	\N
79	Write a Script for my Next Video	50	\N	\N	\N
80	Suggest 10 Video Ideas for my Channel	50	\N	\N	\N
81	Create an Engaging Video Title	50	\N	\N	\N
82	Generate 10 Thumbnail Text Ideas	50	\N	\N	\N
83	Write a Description for this Video	50	\N	\N	\N
84	Suggest 10 YouTube Shorts Ideas	50	\N	\N	\N
85	Generate 10 Tags for my Video	50	\N	\N	\N
86	Write a Community Post to Engage Subscribers	50	\N	\N	\N
87	Create a Call-to-Action for my Video	50	\N	\N	\N
88	Suggest 10 Video Ideas for my Niche	52	\N	\N	\N
89	Write a Script for my Next TikTok	52	\N	\N	\N
90	Generate 10 Trending Hashtag Ideas	52	\N	\N	\N
91	Create a Description for this Video	52	\N	\N	\N
92	Suggest 10 Challenges or Trends to Join	52	\N	\N	\N
93	Write a Call-to-Action for my Video	52	\N	\N	\N
94	Suggest 10 TikTok Duet Ideas	52	\N	\N	\N
95	Generate 10 Ideas for a TikTok Series	52	\N	\N	\N
96	Write an Engaging First Comment	52	\N	\N	\N
1	Writer Assistant	\N	2023-09-29 15:34:12.810918	2023-09-29 15:34:12.810918	\N
3	Generate 10 Blog Post Ideas	1	2023-09-29 15:35:37.353159	2023-09-29 15:35:37.353159	\N
2	Write an Introduction for this Article	1	2023-09-29 15:35:14.378154	2023-09-29 15:35:14.378154	2
33	Create an Outline for my Book	1	\N	\N	\N
97	Write a Conclusion for my Essay	1	\N	\N	\N
98	Generate 10 Titles for my Story	1	\N	\N	\N
99	Write a Character Description	1	\N	\N	\N
100	Suggest 10 Plot Twists for my Novel	1	\N	\N	\N
101	Write a Dialogue Between Two Characters	1	\N	\N	\N
102	Generate 10 Ideas for a Poem	1	\N	\N	\N
\.


--
-- Data for Name: prompts; Type: TABLE DATA; Schema: public; Owner: vdna
--

COPY public.prompts (id, prompt_category_ids, title, question_ids, created_at, updated_at, system_template_id, user_template_id) FROM stdin;
\.


--
-- Data for Name: questions; Type: TABLE DATA; Schema: public; Owner: vdna
--

COPY public.questions (id, text, hueco, created_at, updated_at) FROM stdin;
\.


--
-- Data for Name: templates; Type: TABLE DATA; Schema: public; Owner: vdna
--

COPY public.templates (id, title, question_ids, template, created_at, updated_at, tipo) FROM stdin;
1	I working on this haiku: {haiku} Please make it better	{}	I working on this haiku: {haiku}\r\nPlease make it better me.	2024-07-18 12:14:40.25	2024-07-18 12:14:40.25	user
\.


--
-- Data for Name: user_answer_group; Type: TABLE DATA; Schema: public; Owner: vdna
--

COPY public.user_answer_group (id, user_id, prompt_id, prompt_title, chat_title, created_at) FROM stdin;
112	2	2	Help Me Write a Blog Article	Help Me Write a Blog Article	1708949290180
113	2	9	Summarize video	Summarize video	1709035184972
114	2	9	Summarize video	Summarize video	1709035237823
115	2	9	Summarize video	Summarize video	1709035565141
116	2	9	Summarize video	Summarize video	1709036552373
117	2	2	Help Me Write a Blog Article	Help Me Write a Blog Article	1709038008275
118	2	9	Summarize video	Summarize video	1709040218458
119	2	2	Help Me Write a Blog Article	Help Me Write a Blog Article	1709040307450
120	2	2	Help Me Write a Blog Article	Help Me Write a Blog Article	1709040380528
121	2	2	Help Me Write a Blog Article	Help Me Write a Blog Article	1709110892667
122	2	13	Suggest a more poetic haiku	Suggest a more poetic haiku	1710145250002
123	2	2	Help Me Write a Blog Article	Help Me Write a Blog Article	1710584319821
124	2	16	Help me elevate my pitiful life	Help me elevate my pitiful life	1710845474865
125	2	13	Suggest a more poetic haiku	Suggest a more poetic haiku	1718265176588
126	2	16	Help me elevate my pitiful life	Help me elevate my pitiful life	1718265731880
127	3	13	Suggest a more poetic haiku	Suggest a more poetic haiku	1718628248587
\.


--
-- Data for Name: user_answers; Type: TABLE DATA; Schema: public; Owner: vdna
--

COPY public.user_answers (id, user_answer_group_id, prompt_id, question_id, answer, hueco, chat_id) FROM stdin;
\.


--
-- Data for Name: user_profiles; Type: TABLE DATA; Schema: public; Owner: vdna
--

COPY public.user_profiles (id, user_id, info) FROM stdin;
1	2	I am a rodent.
2	3	
\.


--
-- Data for Name: users; Type: TABLE DATA; Schema: public; Owner: vdna
--

COPY public.users (id, username, password, name, token, created_at, updated_at, expiry, is_admin, zep_token) FROM stdin;
3	tony	c781b39e3234028ae07b7b176fbb99b25c269bfd322cb857030dba2d8dff21ea	tony	\N	2024-06-17 12:15:57.53	2024-06-17 12:15:57.53	1718821897587	t	2d01f0e4-5265-48de-b573-2921a8582180
2	bobbus	1ec6940cba0afaef9ec462a8f19196de16bbcfc7423e7d7347ee2494af23321d	Bobbus Mustelidus	449f02885521bc1b8f24ad04230e0e1bd9532a5dd9b6818fc521c46e56eb405b	2023-09-29 12:25:36.113	2023-09-29 12:25:36.113	1721314909712	t	e0c6d551-96cc-4a7e-ad11-aa0bb243bf9e
\.


--
-- Data for Name: users_categories_favourites; Type: TABLE DATA; Schema: public; Owner: vdna
--

COPY public.users_categories_favourites (id, user_id, prompt_category_id) FROM stdin;
10	2	4
11	2	24
\.


--
-- Name: chats_id_seq; Type: SEQUENCE SET; Schema: public; Owner: vdna
--

SELECT pg_catalog.setval('public.chats_id_seq', 40, true);


--
-- Name: migrations_id_seq; Type: SEQUENCE SET; Schema: public; Owner: vdna
--

SELECT pg_catalog.setval('public.migrations_id_seq', 29, true);


--
-- Name: organizations_id_seq; Type: SEQUENCE SET; Schema: public; Owner: vdna
--

SELECT pg_catalog.setval('public.organizations_id_seq', 9, true);


--
-- Name: prompt_categories_id_seq; Type: SEQUENCE SET; Schema: public; Owner: vdna
--

SELECT pg_catalog.setval('public.prompt_categories_id_seq', 111, true);


--
-- Name: prompts_id_seq; Type: SEQUENCE SET; Schema: public; Owner: vdna
--

SELECT pg_catalog.setval('public.prompts_id_seq', 16, true);


--
-- Name: questions_id_seq; Type: SEQUENCE SET; Schema: public; Owner: vdna
--

SELECT pg_catalog.setval('public.questions_id_seq', 36, true);


--
-- Name: templates_id_seq; Type: SEQUENCE SET; Schema: public; Owner: vdna
--

SELECT pg_catalog.setval('public.templates_id_seq', 1, true);


--
-- Name: user_answer_group_id_seq; Type: SEQUENCE SET; Schema: public; Owner: vdna
--

SELECT pg_catalog.setval('public.user_answer_group_id_seq', 127, true);


--
-- Name: user_answers_id_seq; Type: SEQUENCE SET; Schema: public; Owner: vdna
--

SELECT pg_catalog.setval('public.user_answers_id_seq', 478, true);


--
-- Name: user_profiles_id_seq; Type: SEQUENCE SET; Schema: public; Owner: vdna
--

SELECT pg_catalog.setval('public.user_profiles_id_seq', 2, true);


--
-- Name: users_categories_favourites_id_seq; Type: SEQUENCE SET; Schema: public; Owner: vdna
--

SELECT pg_catalog.setval('public.users_categories_favourites_id_seq', 11, true);


--
-- Name: users_id_seq; Type: SEQUENCE SET; Schema: public; Owner: vdna
--

SELECT pg_catalog.setval('public.users_id_seq', 3, true);


--
-- Name: chats chats_pkey; Type: CONSTRAINT; Schema: public; Owner: vdna
--

ALTER TABLE ONLY public.chats
    ADD CONSTRAINT chats_pkey PRIMARY KEY (id);


--
-- Name: migrations migrations_pkey; Type: CONSTRAINT; Schema: public; Owner: vdna
--

ALTER TABLE ONLY public.migrations
    ADD CONSTRAINT migrations_pkey PRIMARY KEY (id);


--
-- Name: organizations organizations_pkey; Type: CONSTRAINT; Schema: public; Owner: vdna
--

ALTER TABLE ONLY public.organizations
    ADD CONSTRAINT organizations_pkey PRIMARY KEY (id);


--
-- Name: prompt_categories prompt_categories_pkey; Type: CONSTRAINT; Schema: public; Owner: vdna
--

ALTER TABLE ONLY public.prompt_categories
    ADD CONSTRAINT prompt_categories_pkey PRIMARY KEY (id);


--
-- Name: prompts prompts_pkey; Type: CONSTRAINT; Schema: public; Owner: vdna
--

ALTER TABLE ONLY public.prompts
    ADD CONSTRAINT prompts_pkey PRIMARY KEY (id);


--
-- Name: questions questions_pkey; Type: CONSTRAINT; Schema: public; Owner: vdna
--

ALTER TABLE ONLY public.questions
    ADD CONSTRAINT questions_pkey PRIMARY KEY (id);


--
-- Name: templates templates_pkey; Type: CONSTRAINT; Schema: public; Owner: vdna
--

ALTER TABLE ONLY public.templates
    ADD CONSTRAINT templates_pkey PRIMARY KEY (id);


--
-- Name: user_answer_group user_answer_group_pkey; Type: CONSTRAINT; Schema: public; Owner: vdna
--

ALTER TABLE ONLY public.user_answer_group
    ADD CONSTRAINT user_answer_group_pkey PRIMARY KEY (id);


--
-- Name: user_answers user_answers_pkey; Type: CONSTRAINT; Schema: public; Owner: vdna
--

ALTER TABLE ONLY public.user_answers
    ADD CONSTRAINT user_answers_pkey PRIMARY KEY (id);


--
-- Name: user_profiles user_profiles_pkey; Type: CONSTRAINT; Schema: public; Owner: vdna
--

ALTER TABLE ONLY public.user_profiles
    ADD CONSTRAINT user_profiles_pkey PRIMARY KEY (id);


--
-- Name: users_categories_favourites users_categories_favourites_pkey; Type: CONSTRAINT; Schema: public; Owner: vdna
--

ALTER TABLE ONLY public.users_categories_favourites
    ADD CONSTRAINT users_categories_favourites_pkey PRIMARY KEY (id);


--
-- Name: users users_pkey; Type: CONSTRAINT; Schema: public; Owner: vdna
--

ALTER TABLE ONLY public.users
    ADD CONSTRAINT users_pkey PRIMARY KEY (id);


--
-- Name: user_id_index; Type: INDEX; Schema: public; Owner: vdna
--

CREATE UNIQUE INDEX user_id_index ON public.user_profiles USING btree (user_id);


--
-- Name: prompts prompts_system_template_id_fk; Type: FK CONSTRAINT; Schema: public; Owner: vdna
--

ALTER TABLE ONLY public.prompts
    ADD CONSTRAINT prompts_system_template_id_fk FOREIGN KEY (system_template_id) REFERENCES public.templates(id) ON DELETE SET NULL;


--
-- Name: prompts prompts_user_template_id_fk; Type: FK CONSTRAINT; Schema: public; Owner: vdna
--

ALTER TABLE ONLY public.prompts
    ADD CONSTRAINT prompts_user_template_id_fk FOREIGN KEY (user_template_id) REFERENCES public.templates(id) ON DELETE SET NULL;


--
-- PostgreSQL database dump complete
--

